<?xml version="1.0" encoding="UTF-8"?>
<!DOCTYPE hibernate-configuration SYSTEM 
"http://www.hibernate.org/dtd/hibernate-configuration-3.0.dtd">
<hibernate-configuration>

	<session-factory>

		<property name="conncetion.driver_class">com.mysql.jdbc.Driver</property>
		<property name="connection.url">jdbc:mysql://localhost:3306/movies</property>
		<property name="connection.username">root</property>
		<property name="connection.password">root</property>
		<property name="dialect">org.hibernate.dialect.MySQL8Dialect</property>
		<property name="hbm2ddl.auto">update</property>
		<property name="show_sql">false</property>
		<property name="format_sql">false</property>
		
		 <mapping class="com.entities.Marvel_Cinematic_Universe"/>
		
	</session-factory>




</hibernate-configuration>